Cities,Keywords
Phoenix,Roofing
Little Rock,Landscaping
Los Angeles,Lawn Care
Denver,Cleaning Service
Bridgeport,Pressure Washing
Wilmington,General Contractor
Washington,Handyman
Jacksonville,HVAC
Atlanta,Junk Removal
Boise,Home Inspection
Chicago,Electrician
Indianapolis,Paving
Des Moines,Pool Service
Wichita,Kitchen Remodeling
Louisville,Interior Design
New Orleans,Painting Contractor
Portland,Carpenter
Baltimore,
Boston,
Detroit,
Minneapolis,
Jackson,
Kansas City,
Billings,
Omaha,
Las Vegas,
Manchester,
Newark,
Albuquerque,
New York City,
Charlotte,
Fargo,
Columbus,
Oklahoma City,
Philadelphia,
San Juan,
Providence,
Charleston,
Sioux Falls,
Nashville,
Houston,
Salt Lake City,
Burlington,
Virginia Beach,
Seattle,
Milwaukee,
Cheyenne,
Hunstville,
Montgomery,
Mobile,
Tucson,
Fort Smith,
San Diego,
Colorado Springs,
New Haven,
Dover,
Miami,
Augusta,
Meridian,
Aurora,
Fort Wayne,
Cedar Rapids,
Overland Park,
Lexington,
Baton Rouge,
Lewiston,
Columbia,
Worcester,
Grand Rapids,
Saint Paul,
Gulfport,
Saint Louis,
Missoula,
Lincoln,
Henderson,
Nashua,
Jersey City,
Las Cruces,
Buffalo,
Raleigh,
Bismarck,
Cleveland,
Tulsa,
Salem,
Pittsburgh,
Cranston,
Rapid City,
Memphis,
San Antonio,
West Valley City,
South Burlington,
Norfolk,
Spokane,
Huntington,
Madison,
Casper,
Tuscaloosa,
Mesa,
Fayetteville,
San Jose,
Stamford,
Tampa,
Nampa,
Naperville,
Evansville,
Davenport,
Bowling Green,
Shreveport,
Bangor,
Germantown,
Springfield,
Warren,
Rochester,
Southaven,
Great Falls,
Bellevue,
Reno,
Concord,
Paterson,
Rio Rancho,
Greensboro,
Grand Forks,
Cincinnati,
Norman,
Eugene,
Allentown,
Warwick,
North Charleston,
Aberdeen,
Knoxville,
Dallas,
Provo,
Rutland,
Chesapeake,
Tacoma,
Morgantown,
Green Bay,
Laramie,
Chandler,
Springdale,
San Francisco,
Fort Collins,
Hartford,
Middletown,
Orlando,
Macon,
Idaho Falls,
Joliet,
South Bend,
Sioux City,
Olathe,
Owensboro,
Lafayette,
South Portland,
Silver Spring,
Cambridge,
Sterling Heights,
Duluth,
Biloxi,
Bozeman,
Grand Island,
North Las Vegas,
Elizabeth,
Santa Fe,
Yonkers,
Durham,
Minot,
Toledo,
Broken Arrow,
Gresham,
Erie,
Pawtucket,
Mount Pleasant,
Brookings,
Chattanooga,
Austin,
West Jordan,
Barre,
Richmond,
Vancouver,
Parkersburg,
Kenosha,
Gillette,